"OWNER_CODE","DISCOVERY_DOY","FIRE_SIZE","LATITUDE","LONGITUDE","STAT_CAUSE_DESCR"
5,282,5,37.06527778,-83.07027778,"Arson"
13,132,0.1,47.25472222,-94.22083333,"Arson"
5,21,0.1,32.96,-79.79361111,"Arson"
13,37,211.4,37.41916667,-91.36611111,"Arson"
5,32,0.1,33.73444444,-111.51666667,"Arson"
13,63,8,34.87166667,-89.01,"Arson"
5,77,9,34.82833333,-89.10666667,"Arson"
13,72,63,37.24916667,-83.54638889,"Arson"
5,109,0.25,35.68666667,-106.65444444,"Arson"
13,307,1.5,33.67722222,-108.86638889,"Arson"
5,239,0.25,45.32944444,-113.01527778,"Arson"
5,351,4,35.34333333,-84.26083333,"Arson"
5,307,3,43.79638889,-118.90666667,"Arson"
14,136,0.1,34.48833333,-118.36611111,"Arson"
5,267,12,37.44333333,-84.25777778,"Arson"
5,273,1,41.30277778,-123.73777778,"Arson"
5,92,25,35.72861111,-94.29472222,"Arson"
5,126,0.5,48.32555556,-115.53888889,"Arson"
13,87,1.06,47.54138889,-94.57361111,"Arson"
5,207,0.34,46.60972222,-114.14166667,"Arson"
5,103,1,31.62055556,-92.49055556,"Arson"
5,325,152,36.93111111,-92.99027778,"Arson"
5,66,0.1,36.85666667,-93.01888889,"Arson"
13,308,7,35.85777778,-83.02944444,"Arson"
5,323,29,37.49916667,-92.32388889,"Arson"
5,175,25,37.50555556,-84.00388889,"Arson"
14,113,2.52,31.12055556,-88.85305556,"Arson"
5,193,0.3,41.26777778,-122.03583333,"Arson"
5,89,3,36.865,-93.01638889,"Arson"
5,96,608,34.35055556,-94.64944444,"Arson"
5,115,22.6,47.29444444,-94.11722222,"Arson"
5,272,0.1,34.685,-93.50555556,"Arson"
5,76,50,30.06833333,-93.27055556,"Arson"
5,296,0.1,34.87833333,-84.71111111,"Arson"
5,155,1,35.99444444,-82.78,"Arson"
5,239,1,38.97916667,-86.2975,"Arson"
5,328,2,34.26555556,-117.50166667,"Arson"
5,6,18,34.4875,-94.24916667,"Arson"
5,65,59,36.86138889,-84.42111111,"Arson"
5,200,10,34.75222222,-94.63638889,"Arson"
5,156,425,31.65777778,-92.54361111,"Arson"
5,289,2,37.14277778,-83.68166667,"Arson"
5,143,0.1,34.53777778,-111.83222222,"Arson"
5,98,30,35.63972222,-93.3,"Arson"
5,56,1,31.54888889,-92.44527778,"Arson"
13,77,0.25,36.76527778,-92.64166667,"Arson"
5,226,1.5,34.66055556,-93.33472222,"Arson"
5,67,1,31.565,-92.55916667,"Arson"
5,67,306,31.4575,-95.19972222,"Arson"
5,269,0.25,38.24305556,-83.40472222,"Arson"
5,231,0.1,43.31527778,-122.34388889,"Arson"
5,336,4,36.71583333,-91.22805556,"Arson"
5,58,60,37.45138889,-88.59111111,"Arson"
5,73,4,34.21972222,-94.785,"Arson"
5,171,0.1,43.35722222,-115.43777778,"Arson"
5,229,0.25,40.60194444,-123.11666667,"Arson"
5,240,0.1,45.16527778,-121.8925,"Arson"
5,68,30,36.86111111,-84.39777778,"Arson"
5,285,1.4,34.28694444,-87.31694444,"Arson"
5,90,156.1,37.85805556,-91.12,"Arson"
5,89,2.25,37.03833333,-91.35388889,"Arson"
5,147,3,35.3325,-84.21583333,"Arson"
5,265,0.1,37.75611111,-120.07583333,"Arson"
5,135,2.3,47.30333333,-93.91194444,"Arson"
5,227,3,47.96388889,-120.31583333,"Arson"
5,231,0.5,36.94416667,-84.23333333,"Arson"
5,231,0.1,47.79555556,-116.56833333,"Arson"
5,262,2750,34.28444444,-117.2125,"Arson"
13,235,46,39.53277778,-123.08194444,"Arson"
5,73,13.64,34.35305556,-93.78138889,"Arson"
5,349,0.01,40.70138889,-123.28361111,"Arson"
5,102,122,35.045,-93.32027778,"Arson"
5,60,0.1,33.98194444,-82.43666667,"Arson"
5,76,3,34.1725,-94.86444444,"Arson"
5,124,0.1,35.49166667,-93.12,"Arson"
5,54,0.5,34.96222222,-83.08361111,"Arson"
13,59,21,37.03333333,-83.7975,"Arson"
5,76,95,34.48666667,-94.30472222,"Arson"
6,171,0.12,46.28777778,-86.67388889,"Arson"
5,90,6,34.655,-89.36833333,"Arson"
5,71,1.3,36.62194444,-93.55638889,"Arson"
14,316,1555,36.61222222,-84.24305556,"Arson"
5,120,55,36.87944444,-84.55111111,"Arson"
5,106,2,36.90722222,-92.09555556,"Arson"
5,197,0.1,47.78555556,-120.65027778,"Arson"
5,192,41.3,37.61138889,-112.28972222,"Arson"
5,20,28.5,31.31111111,-95.02222222,"Arson"
5,5,10,30.71,-95.41083333,"Arson"
5,192,0.33,43.72,-105.41138889,"Arson"
5,85,3.25,35.02972222,-84.48,"Arson"
5,90,5,37.0275,-91.3,"Arson"
5,43,170,35.27833333,-84.18444444,"Arson"
5,319,172,35.87833333,-92.905,"Arson"
5,70,35,30.58388889,-89.04527778,"Arson"
5,343,0.1,35.81833333,-81.94333333,"Arson"
14,351,7,36.62083333,-93.82083333,"Arson"
5,300,0.1,34.26527778,-118.18194444,"Arson"
5,101,28,36.60166667,-84.35,"Arson"
5,334,0.1,34.27222222,-117.13694444,"Arson"
14,337,12.5,31.06444444,-89.17361111,"Arson"
5,299,0.2,34.28527778,-111.12444444,"Campfire"
5,167,0.1,39.64777778,-106.36916667,"Campfire"
5,110,0.1,45.94305556,-84.83833333,"Campfire"
5,271,4,45.22333333,-118.69472222,"Campfire"
5,23,0.1,35.32555556,-111.485,"Campfire"
5,136,0.1,33,-105.79027778,"Campfire"
5,247,0.28,45.20555556,-116.1975,"Campfire"
5,324,0.25,45.84194444,-113.44333333,"Campfire"
5,182,0.01,48.7475,-116.20527778,"Campfire"
5,292,0.1,35.95333333,-111.9675,"Campfire"
5,92,1.9,39.13944444,-105.10277778,"Campfire"
5,183,0.1,30.2075,-84.45,"Campfire"
5,230,0.1,48.51888889,-115.51777778,"Campfire"
13,120,1,39.48555556,-82.29138889,"Campfire"
5,306,9,44.28444444,-119.20333333,"Campfire"
5,165,0.1,38.85916667,-120.01277778,"Campfire"
5,184,0.1,43.80916667,-122.39277778,"Campfire"
5,243,0.1,44.295,-124.02361111,"Campfire"
5,220,1,34.46194444,-112.55805556,"Campfire"
5,146,0.1,39.66472222,-106.57888889,"Campfire"
5,178,0.1,34.18277778,-117.87666667,"Campfire"
5,164,0.1,43.78333333,-119,"Campfire"
5,4,11,30.92916667,-88.815,"Campfire"
5,194,0.3,48.41944444,-115.65777778,"Campfire"
5,188,0.1,47.38583333,-113.55111111,"Campfire"
5,239,0.1,46.66055556,-112.33083333,"Campfire"
5,266,0.5,39.82027778,-121.07527778,"Campfire"
5,144,0.3,44.28166667,-121.54555556,"Campfire"
5,232,0.1,43.46333333,-122.00972222,"Campfire"
14,192,8,44.95361111,-123.91416667,"Campfire"
5,272,0.2,39.38111111,-120.22388889,"Campfire"
5,244,0.1,44.42222222,-124.0175,"Campfire"
13,60,82,31.74694444,-93.92083333,"Campfire"
13,134,1543,31.34305556,-110.64833333,"Campfire"
13,196,0.1,48.40777778,-115.55777778,"Campfire"
5,194,0.1,44.05333333,-121.41861111,"Campfire"
5,227,0.3,44.15361111,-119.27416667,"Campfire"
13,246,0.1,48.40833333,-115.50833333,"Campfire"
5,46,3,32.62333333,-109.82166667,"Campfire"
5,225,3,44.84916667,-122.12166667,"Campfire"
5,155,0.1,37.51583333,-108.56916667,"Campfire"
5,189,0.1,48.07611111,-121.63027778,"Campfire"
5,179,0.1,39.59555556,-120.07638889,"Campfire"
13,206,0.1,39.30388889,-120.59166667,"Campfire"
13,188,0.1,43.81027778,-115.80388889,"Campfire"
5,204,0.1,39.61888889,-105.92305556,"Campfire"
5,291,0.1,40.05611111,-106.6625,"Campfire"
5,126,0.25,35.03916667,-111.72944444,"Campfire"
5,260,0.1,41.03444444,-122.7,"Campfire"
5,181,0.1,43.85083333,-121.49444444,"Campfire"
13,115,0.12,44.40555556,-83.3425,"Campfire"
5,112,17,44.42277778,-83.42694444,"Campfire"
5,105,4,31.42277778,-110.29916667,"Campfire"
5,300,5,43.90861111,-119.70888889,"Campfire"
13,297,0.1,33.73888889,-116.84166667,"Campfire"
5,323,0.1,44.535,-117.87833333,"Campfire"
5,105,3.2,33.3775,-79.86,"Campfire"
5,175,0.1,39.72583333,-107.64222222,"Campfire"
13,192,0.01,48.37583333,-114.05888889,"Campfire"
5,182,0.1,43.64027778,-122.64916667,"Campfire"
5,166,0.5,34.44722222,-111.42888889,"Campfire"
5,184,0.1,45.10222222,-116.15694444,"Campfire"
5,232,0.1,44.28444444,-106.96166667,"Campfire"
5,230,0.1,43.93833333,-114.945,"Campfire"
5,223,0.1,43.45694444,-124.23722222,"Campfire"
5,155,0.1,40.24916667,-111.44861111,"Campfire"
5,301,0.1,43.8975,-119.48666667,"Campfire"
5,87,0.1,31.41611111,-110.26333333,"Campfire"
5,263,0.01,46.88,-121.0175,"Campfire"
5,219,0.1,43.82222222,-110.98611111,"Campfire"
5,237,0.1,48.06888889,-121.78305556,"Campfire"
5,189,0.1,38.72166667,-120.51333333,"Campfire"
5,260,0.1,32.69083333,-116.62277778,"Campfire"
5,151,0.1,33.57694444,-111.48333333,"Campfire"
5,46,0.5,33.74555556,-85.58083333,"Campfire"
5,349,0.1,34.53,-118.58055556,"Campfire"
6,96,0.5,34.41833333,-119.33888889,"Campfire"
5,233,0.1,36.01027778,-112.19416667,"Campfire"
13,153,0.1,58.60333333,-134.91833333,"Campfire"
5,41,0.1,35.295,-111.49222222,"Campfire"
5,303,8,45.87083333,-117.63305556,"Campfire"
5,234,200,36,-118.3,"Campfire"
5,253,0.1,44.87805556,-122.06027778,"Campfire"
13,224,1,39.54638889,-82.0575,"Campfire"
5,109,0.1,44.44361111,-104.34861111,"Campfire"
5,267,0.1,46.11166667,-115.66611111,"Campfire"
5,188,0.2,35.14361111,-111.64111111,"Campfire"
5,259,0.1,48.07611111,-121.52305556,"Campfire"
13,306,0.1,39.41833333,-120.57333333,"Campfire"
5,185,0.1,37.49055556,-119.62472222,"Campfire"
5,261,0.1,38.84111111,-105.49305556,"Campfire"
14,149,0.1,34.48388889,-118.54138889,"Campfire"
6,287,0.5,37.6125,-89.15305556,"Campfire"
5,203,0.1,41.00638889,-106.82111111,"Campfire"
5,180,0.1,35.17611111,-106.37777778,"Campfire"
5,294,0.1,38.54388889,-79.93611111,"Campfire"
5,140,0.1,47.54111111,-120.48472222,"Campfire"
5,260,0.1,47.4175,-121.32833333,"Campfire"
13,286,1,39.04388889,-86.09277778,"Campfire"
5,195,0.1,44.27166667,-121.55638889,"Campfire"
5,31,0.1,34.37833333,-111.09944444,"Children"
13,158,0.1,43.8925,-85.79194444,"Children"
5,115,2404,35.82,-81.925,"Children"
13,57,0.1,47.01611111,-114.36694444,"Children"
5,184,0.1,34.55361111,-118.42055556,"Children"
13,91,2,35.10972222,-84.09916667,"Children"
14,8,39,30.93277778,-88.96833333,"Children"
14,28,1,33.43305556,-81.55805556,"Children"
14,294,38356,34.52444444,-118.33472222,"Children"
13,236,6.4,37.59555556,-89.45694444,"Children"
5,270,0.1,43.48805556,-121.90527778,"Children"
5,43,1.5,34.62,-89.315,"Children"
13,154,0.1,34.24777778,-117.22472222,"Children"
5,147,5,34.16972222,-117.34972222,"Children"
5,235,0.1,35.99805556,-121.36944444,"Children"
13,102,0.25,47.64777778,-92.48722222,"Children"
5,107,2,34.73888889,-76.85,"Children"
13,125,0.25,45.31638889,-88.46666667,"Children"
5,211,0.33,43.33166667,-110.72111111,"Children"
14,220,0.1,34.16111111,-117.90972222,"Children"
13,105,0.5,34.99027778,-83.45361111,"Children"
5,94,0.1,35.24138889,-111.80277778,"Children"
13,185,0.1,43.74222222,-85.94916667,"Children"
13,156,0.1,47.34083333,-94.20583333,"Children"
14,155,1.5,34.48055556,-118.53333333,"Children"
5,113,0.2,29.27527778,-81.86833333,"Children"
13,186,0.5,44.45027778,-111.39333333,"Children"
13,227,0.1,55.46916667,-131.82138889,"Children"
14,246,18,34.2125,-118.34027778,"Children"
13,83,2.9,29.15944444,-81.54194444,"Children"
5,223,0.1,48.60111111,-115.99555556,"Children"
5,250,0.5,37.92861111,-119.99166667,"Children"
14,148,0.5,34.43916667,-118.27583333,"Children"
5,234,0.2,43.88888889,-121.38,"Children"
14,266,5,39.57111111,-119.83472222,"Children"
13,199,0.01,34.20833333,-117.12944444,"Children"
14,185,0.1,34.28194444,-118.37444444,"Children"
13,124,1,34.9975,-76.97055556,"Children"
14,134,1,34.30833333,-118.42555556,"Children"
14,223,15,34.15,-117.69805556,"Children"
14,253,0.1,33.37055556,-116.74972222,"Children"
5,43,2.5,33.74277778,-111.49555556,"Children"
13,168,0.1,39.65222222,-120.41916667,"Children"
13,140,0.1,38.15222222,-120.23416667,"Children"
5,138,0.5,46.45,-84.65055556,"Children"
5,103,2.4,33.92666667,-109.18555556,"Children"
13,142,0.25,44.24555556,-86.22305556,"Children"
13,132,0.1,34.29972222,-118.24861111,"Children"
5,177,17.6,40.32388889,-111.63361111,"Children"
13,224,0.25,38.75,-119.81388889,"Children"
14,186,0.1,36.96972222,-119.31944444,"Children"
13,212,0.1,45.16416667,-88.50361111,"Children"
5,161,0.1,39.79,-120.65611111,"Children"
5,251,0.1,48.37777778,-114.0575,"Children"
5,131,0.1,36.31194444,-115.60694444,"Children"
5,169,0.1,34.85527778,-119.17527778,"Children"
5,186,0.6,43.83138889,-121.4275,"Children"
13,144,1.8,43.52361111,-85.85472222,"Children"
5,50,0.1,31.20416667,-93.74166667,"Children"
13,316,0.2,32.83055556,-116.52305556,"Children"
5,149,0.5,33.84583333,-109.31166667,"Children"
5,186,0.1,35.29166667,-111.625,"Children"
5,187,0.1,35.29166667,-111.625,"Children"
13,127,0.01,43.69166667,-85.81694444,"Children"
5,178,0.1,43.66583333,-121.75194444,"Children"
5,197,0.1,47.94555556,-113.55277778,"Children"
5,180,0.1,60.48277778,-149.8875,"Children"
13,122,3,47.59361111,-93.95611111,"Children"
13,21,2,33.78111111,-117.49972222,"Children"
13,210,3,39.70416667,-121.30194444,"Children"
5,143,1,34.44861111,-110.58694444,"Children"
5,111,36,47.46722222,-92.12305556,"Children"
5,201,0.1,34.22888889,-117.76833333,"Children"
13,107,0.1,43.6875,-85.81583333,"Children"
14,99,6.54,31.13555556,-88.87861111,"Children"
13,111,0.1,47.89833333,-91.86861111,"Children"
5,78,0.1,28.98166667,-81.66305556,"Children"
5,329,15,33.44083333,-97.57361111,"Children"
13,123,4,47.10833333,-94.5525,"Children"
13,97,0.01,41.08416667,-122.70138889,"Children"
5,224,0.1,43.80194444,-122.56138889,"Children"
5,273,0.1,44.30972222,-121.57583333,"Children"
5,161,0.25,32.66222222,-109.86861111,"Children"
5,189,0.1,32.90444444,-105.55833333,"Children"
13,136,0.1,34.36388889,-117.64027778,"Children"
5,135,0.4,36.41638889,-82.04472222,"Children"
5,110,60,35.73861111,-83.04055556,"Children"
5,147,0.1,34.79111111,-111.475,"Children"
13,195,0.1,47.34888889,-94.22,"Children"
5,64,0.25,34.32805556,-110.80444444,"Children"
5,159,0.1,29.165,-81.55277778,"Children"
13,193,0.03,45.72194444,-121.46833333,"Children"
14,275,0.1,34.4525,-118.20083333,"Children"
5,224,2.5,36.645,-91.14916667,"Children"
5,132,0.5,33.295,-110.86861111,"Children"
5,268,1,34.3325,-118.02638889,"Children"
14,244,0.1,33.56805556,-116.66138889,"Children"
5,185,0.1,36.3075,-115.62611111,"Children"
13,130,0.1,47.17722222,-94.29833333,"Children"
5,174,0.2,40.20111111,-107.08833333,"Children"
14,144,1,48.3825,-114.02944444,"Debris Burning"
5,106,2.2,38.86861111,-79.36194444,"Debris Burning"
13,49,3,34.93833333,-83.08,"Debris Burning"
5,38,0.1,39.465,-119.85333333,"Debris Burning"
5,101,0.25,39.66888889,-120.27111111,"Debris Burning"
14,117,11,35.61333333,-94.44944444,"Debris Burning"
13,105,0.1,44.28388889,-83.56777778,"Debris Burning"
5,340,3,34.75361111,-111.66861111,"Debris Burning"
13,315,4.53,37.52916667,-91.29972222,"Debris Burning"
13,153,0.25,40.03916667,-120.995,"Debris Burning"
13,128,0.2,47.0475,-114.73527778,"Debris Burning"
13,131,0.8,39.99416667,-120.98694444,"Debris Burning"
5,10,0.1,33.65055556,-117.41277778,"Debris Burning"
13,201,0.1,47.65472222,-115.38694444,"Debris Burning"
5,98,5,34.40194444,-94.65638889,"Debris Burning"
13,82,11,37.57944444,-92.31638889,"Debris Burning"
13,58,35,34.80416667,-94.27888889,"Debris Burning"
13,290,0.25,41.2975,-123.54027778,"Debris Burning"
5,108,0.2,44.31416667,-83.69666667,"Debris Burning"
5,121,0.1,46.12638889,-113.3875,"Debris Burning"
13,136,0.2,48.41972222,-114.66083333,"Debris Burning"
13,71,7,33.32111111,-81.79444444,"Debris Burning"
14,146,1.5,33.11111111,-79.5075,"Debris Burning"
13,120,0.5,43.98166667,-85.09027778,"Debris Burning"
5,240,0.1,45.14527778,-109.68833333,"Debris Burning"
14,100,8,35.25166667,-83.31,"Debris Burning"
13,317,0.5,35.82305556,-82.13916667,"Debris Burning"
14,75,198,36.93111111,-92.89555556,"Debris Burning"
13,170,0.01,38.84916667,-120.36916667,"Debris Burning"
13,120,6,36.1675,-82.39722222,"Debris Burning"
13,76,1,43.41888889,-85.6925,"Debris Burning"
5,144,0.25,44.08277778,-116.11416667,"Debris Burning"
14,107,0.1,35.62333333,-82.20333333,"Debris Burning"
13,148,0.1,47.87777778,-91.83166667,"Debris Burning"
13,188,0.1,46.34027778,-91.36527778,"Debris Burning"
5,338,5.6,37.26388889,-119.56694444,"Debris Burning"
13,12,10,29.21,-81.90527778,"Debris Burning"
13,144,0.1,38.88444444,-120.36694444,"Debris Burning"
13,147,3,44.59222222,-83.57388889,"Debris Burning"
13,124,1,43.71944444,-85.81888889,"Debris Burning"
13,250,0.1,47.07194444,-114.43972222,"Debris Burning"
13,140,0.1,40.74583333,-121.49583333,"Debris Burning"
13,135,0.03,42.41583333,-105.35416667,"Debris Burning"
14,283,0.2,37.54111111,-119.8675,"Debris Burning"
14,96,0.25,39.81888889,-120.4525,"Debris Burning"
5,161,0.1,40.41388889,-123.51722222,"Debris Burning"
13,64,23,37.81638889,-91.05777778,"Debris Burning"
14,97,165,30.6825,-89.41527778,"Debris Burning"
13,59,0.5,35.26388889,-83.835,"Debris Burning"
13,137,0.1,40.90222222,-122.78388889,"Debris Burning"
13,93,51,37.03694444,-92.1475,"Debris Burning"
13,152,0.1,41.26527778,-123.83027778,"Debris Burning"
13,26,27,37.36361111,-91.26166667,"Debris Burning"
14,170,0.5,39.79805556,-120.48055556,"Debris Burning"
13,74,0.25,29.08916667,-81.84222222,"Debris Burning"
13,86,9,44.50694444,-83.89083333,"Debris Burning"
13,182,0.1,40.8775,-123.52416667,"Debris Burning"
14,314,0.5,30.69972222,-89.22444444,"Debris Burning"
13,222,0.1,47.16583333,-114.85166667,"Debris Burning"
5,215,0.5,45.2075,-121.43166667,"Debris Burning"
13,301,13,38.11916667,-120.2975,"Debris Burning"
13,109,4,43.95416667,-86.10027778,"Debris Burning"
13,203,0.1,40.92388889,-123.6225,"Debris Burning"
13,329,6,34.67416667,-83.91055556,"Debris Burning"
13,82,2,36.02222222,-82.55333333,"Debris Burning"
13,77,0.1,43.5675,-85.95722222,"Debris Burning"
13,120,5818,44.51,-84.19,"Debris Burning"
14,352,1.5,35.875,-81.74861111,"Debris Burning"
13,346,0.7,40.80277778,-122.3375,"Debris Burning"
14,98,0.5,35.11694444,-83.51944444,"Debris Burning"
14,314,1,35.04388889,-83.19027778,"Debris Burning"
6,177,0.25,38.40138889,-120.10944444,"Debris Burning"
13,104,0.5,43.65583333,-85.81888889,"Debris Burning"
13,88,4,44.08666667,-86.1775,"Debris Burning"
13,117,1,35.95611111,-81.89666667,"Debris Burning"
5,129,0.1,44.21555556,-118.85333333,"Debris Burning"
13,97,1,48.89388889,-115.00111111,"Debris Burning"
14,84,1.5,36.02138889,-81.65694444,"Debris Burning"
13,122,0.2,30.02333333,-84.97916667,"Debris Burning"
13,302,2.5,46.47777778,-91.28111111,"Debris Burning"
14,99,3.2,37.17944444,-89.29333333,"Debris Burning"
13,71,15,34.94777778,-83.82722222,"Debris Burning"
13,106,0.2,47.71055556,-94.12444444,"Debris Burning"
13,247,1,39.49416667,-82.28166667,"Debris Burning"
13,124,0.1,47.50583333,-93.56694444,"Debris Burning"
13,40,2,34.74972222,-76.84055556,"Debris Burning"
13,365,0.2,35.80805556,-82.16166667,"Debris Burning"
13,124,0.1,33.39444444,-116.79972222,"Debris Burning"
13,111,0.1,47.16944444,-114.87,"Debris Burning"
13,74,2.5,31.15833333,-93.975,"Debris Burning"
13,41,200,34.86666667,-77.15,"Debris Burning"
13,143,0.1,45.33,-88.59888889,"Debris Burning"
13,82,0.3,43.67888889,-85.80333333,"Debris Burning"
13,223,0.01,39.39916667,-121.07083333,"Debris Burning"
14,77,66,35.42333333,-83.49,"Debris Burning"
13,93,0.25,40.62611111,-123.44361111,"Debris Burning"
13,106,210,37.59027778,-91.165,"Debris Burning"
5,84,1,31.1625,-93.97083333,"Debris Burning"
13,291,0.25,35.31555556,-83.86166667,"Debris Burning"
5,91,10,43.88916667,-73.06333333,"Debris Burning"
6,125,0.1,34.56777778,-119.95194444,"Equipment Use"
14,271,0.1,34.34805556,-118.50333333,"Equipment Use"
13,113,2,35.08333333,-83.65194444,"Equipment Use"
13,71,0.1,34.29055556,-116.81027778,"Equipment Use"
14,199,0.1,34.36416667,-118.50361111,"Equipment Use"
14,323,0.1,34.44888889,-118.35555556,"Equipment Use"
14,328,0.1,34.77361111,-118.7625,"Equipment Use"
5,192,0.1,37.04472222,-119.41,"Equipment Use"
5,282,0.25,34.53583333,-112.14083333,"Equipment Use"
5,246,0.5,34.78805556,-89.33222222,"Equipment Use"
5,186,0.1,34.36,-117.43555556,"Equipment Use"
5,215,7.32,36.90555556,-93.11361111,"Equipment Use"
5,309,5.25,30.37861111,-82.34027778,"Equipment Use"
14,246,0.1,34.53222222,-118.64361111,"Equipment Use"
13,198,270,45.63055556,-116.27083333,"Equipment Use"
5,188,0.1,45.95944444,-89.00944444,"Equipment Use"
13,216,4,40.61694444,-123.43583333,"Equipment Use"
13,194,3,45.685,-88.96111111,"Equipment Use"
5,171,0.1,34.19166667,-109.6275,"Equipment Use"
5,129,0.1,41.63527778,-79.09333333,"Equipment Use"
5,247,0.1,42.435,-121.865,"Equipment Use"
14,302,6,30.70444444,-89.2025,"Equipment Use"
6,312,1,33.33305556,-81.59166667,"Equipment Use"
14,78,0.1,35.62333333,-82.22333333,"Equipment Use"
13,228,41,40.43555556,-123.46944444,"Equipment Use"
5,160,0.1,34.28722222,-111.34083333,"Equipment Use"
5,253,1.5,47.58333333,-103.66111111,"Equipment Use"
5,322,0.1,33.61805556,-117.42611111,"Equipment Use"
14,302,0.5,34.29305556,-118.41361111,"Equipment Use"
14,202,340,34.89527778,-118.91972222,"Equipment Use"
5,219,0.21,47.62972222,-93.76888889,"Equipment Use"
5,58,0.01,33.83166667,-111.47277778,"Equipment Use"
5,163,0.1,38.84111111,-120.37,"Equipment Use"
5,108,0.1,36.13361111,-105.53055556,"Equipment Use"
14,151,0.5,33.92694444,-116.79166667,"Equipment Use"
14,246,40,34.40777778,-117.50277778,"Equipment Use"
5,173,0.1,43.82083333,-103.74777778,"Equipment Use"
14,305,0.1,34.48027778,-118.29083333,"Equipment Use"
13,246,0.1,45.52166667,-88.61333333,"Equipment Use"
13,84,0.1,34.2575,-116.81277778,"Equipment Use"
5,302,0.1,37.25972222,-119.37833333,"Equipment Use"
5,300,0.1,34.62638889,-118.72444444,"Equipment Use"
5,248,100,34.24555556,-117.43416667,"Equipment Use"
5,330,0.25,38.17694444,-120.10027778,"Equipment Use"
13,255,146,34.85888889,-94.29861111,"Equipment Use"
6,49,0.5,33.25333333,-81.70444444,"Equipment Use"
5,63,0.75,36.85916667,-84.48888889,"Equipment Use"
5,148,0.25,35.32277778,-79.95277778,"Equipment Use"
14,44,0.1,34.37777778,-118.49138889,"Equipment Use"
5,240,154,37.06527778,-119.45416667,"Equipment Use"
14,233,0.1,34.61194444,-118.26916667,"Equipment Use"
5,44,0.2,34.14388889,-116.99,"Equipment Use"
5,135,0.1,34.56833333,-118.68666667,"Equipment Use"
13,108,7.1,37.6025,-91.10611111,"Equipment Use"
5,106,9,41.78138889,-79.13083333,"Equipment Use"
5,109,2,37.75527778,-79.19444444,"Equipment Use"
5,157,0.5,34.71361111,-111.77833333,"Equipment Use"
5,309,0.1,34.36555556,-111.43277778,"Equipment Use"
13,203,0.1,34.29805556,-118.27277778,"Equipment Use"
5,25,1,34.58,-118.70277778,"Equipment Use"
14,7,30,33.52666667,-116.80388889,"Equipment Use"
13,170,9.4,31.36,-110.38555556,"Equipment Use"
5,127,0.1,34.67861111,-118.77833333,"Equipment Use"
13,180,0.25,39.6425,-120.21194444,"Equipment Use"
5,188,0.25,43.92916667,-115.96611111,"Equipment Use"
5,97,0.1,34.2725,-118.16,"Equipment Use"
5,200,2,34.34416667,-117.43916667,"Equipment Use"
5,22,1,34.34638889,-117.51027778,"Equipment Use"
5,17,0.1,33.71027778,-116.7675,"Equipment Use"
13,34,0.1,32.82027778,-116.58972222,"Equipment Use"
14,296,0.1,34.21888889,-118.19611111,"Equipment Use"
5,183,0.25,42.36222222,-111.51888889,"Equipment Use"
5,254,0.9,47.36388889,-103.55444444,"Equipment Use"
5,224,0.1,48.56777778,-116.89416667,"Equipment Use"
14,296,0.1,34.50138889,-118.23166667,"Equipment Use"
5,117,19,31.05,-93.09166667,"Equipment Use"
6,305,1,33.33305556,-81.59166667,"Equipment Use"
5,91,15,41.38055556,-88.18416667,"Equipment Use"
14,242,0.1,33.57527778,-117.29055556,"Equipment Use"
5,307,61,37.09777778,-101.955,"Equipment Use"
5,147,2.5,36.60555556,-105.97027778,"Equipment Use"
5,198,0.1,34.78777778,-83.78194444,"Equipment Use"
5,309,0.7,45.37527778,-88.4375,"Equipment Use"
5,132,0.1,34.34666667,-117.45861111,"Equipment Use"
5,123,95,34.85833333,-76.90916667,"Equipment Use"
5,191,2,34.55638889,-118.67277778,"Equipment Use"
5,42,0.1,34.23222222,-117.425,"Equipment Use"
5,114,1,38.78444444,-82.64916667,"Equipment Use"
5,160,0.01,40.69055556,-105.34694444,"Equipment Use"
5,87,0.1,34.41527778,-117.77361111,"Equipment Use"
14,195,0.1,36.13583333,-121.64805556,"Equipment Use"
5,108,1,31.015,-93.16527778,"Equipment Use"
14,73,1,35.95888889,-81.61944444,"Equipment Use"
14,167,0.5,34.53777778,-118.65388889,"Equipment Use"
13,194,13.7,47.00583333,-103.40416667,"Equipment Use"
5,244,0.1,36.38111111,-106.79722222,"Equipment Use"
5,174,0.1,34.04916667,-109.49805556,"Equipment Use"
6,229,0.1,34.4,-119.37055556,"Equipment Use"
14,261,0.1,34.4825,-118.38166667,"Equipment Use"
5,259,0.1,34.06527778,-109.41444444,"Equipment Use"
5,205,0.1,37.09805556,-119.13222222,"Lightning"
5,239,0.1,43.78472222,-122.69388889,"Lightning"
5,196,0.1,45.515,-115.65638889,"Lightning"
5,197,0.3,34.30166667,-110.94638889,"Lightning"
5,184,10,34.25277778,-111.97666667,"Lightning"
5,222,0.1,46.275,-114.74527778,"Lightning"
5,202,0.25,35.10416667,-111.8625,"Lightning"
5,224,0.1,47.7575,-115.97916667,"Lightning"
5,201,0.1,37.97194444,-111.575,"Lightning"
5,243,0.1,41.15222222,-120.32972222,"Lightning"
5,220,0.1,44.44138889,-120.02166667,"Lightning"
5,183,0.5,34.57222222,-108.95666667,"Lightning"
5,173,0.1,40.04833333,-120.94361111,"Lightning"
5,161,0.1,33.80388889,-107.42666667,"Lightning"
5,204,0.1,42.825,-121.58416667,"Lightning"
5,134,0.1,43.71277778,-85.80805556,"Lightning"
5,177,0.1,33.81694444,-110.90027778,"Lightning"
5,222,0.1,48.54055556,-119.94777778,"Lightning"
13,228,2.5,44.3725,-117.03555556,"Lightning"
5,170,0.3,44.32333333,-109.20055556,"Lightning"
5,252,0.1,42.50611111,-122.40916667,"Lightning"
5,186,2.2,33.44916667,-109.17277778,"Lightning"
5,222,1,46.00388889,-115.82777778,"Lightning"
5,205,2,37.62666667,-109.75,"Lightning"
5,260,0.25,40.30666667,-111.05638889,"Lightning"
5,220,0.1,44.44416667,-115.17861111,"Lightning"
5,243,0.1,44.0225,-115.54111111,"Lightning"
5,139,0.1,32.69,-105.54777778,"Lightning"
5,225,1.1,47.51222222,-120.89333333,"Lightning"
5,238,0.25,38.41166667,-108.20972222,"Lightning"
5,237,375,42.35583333,-110.78583333,"Lightning"
5,191,3,39.63527778,-120.21916667,"Lightning"
5,245,0.1,34.9625,-111.70833333,"Lightning"
5,260,0.1,41.48166667,-121.305,"Lightning"
5,196,1650,44.76527778,-114.29583333,"Lightning"
5,200,0.1,48.45166667,-115.51527778,"Lightning"
6,218,6,33.61166667,-116.87194444,"Lightning"
5,154,1,29.42111111,-81.77861111,"Lightning"
5,257,0.24,47.95472222,-92.20888889,"Lightning"
5,264,0.1,38.54166667,-120.27166667,"Lightning"
5,221,480,44.815,-114.65638889,"Lightning"
5,223,0.1,47.97722222,-113.87083333,"Lightning"
5,197,584,42.0225,-112.10416667,"Lightning"
5,227,0.1,38.365,-106.37916667,"Lightning"
5,174,0.1,43.91861111,-103.32722222,"Lightning"
5,220,0.1,44.59888889,-118.80222222,"Lightning"
5,197,0.1,30.63388889,-88.97361111,"Lightning"
5,174,10,45.26138889,-106.19916667,"Lightning"
5,252,0.1,34.17,-110.96083333,"Lightning"
5,205,0.25,36.11722222,-106.45944444,"Lightning"
14,201,7892,37.17388889,-113.53833333,"Lightning"
5,221,0.1,45.56111111,-113.80555556,"Lightning"
5,188,0.1,41.75666667,-122.09166667,"Lightning"
5,247,0.5,38.00333333,-111.46777778,"Lightning"
5,197,0.1,34.24694444,-110.14944444,"Lightning"
5,251,0.1,45.59916667,-115.40333333,"Lightning"
5,177,0.1,39.69861111,-120.61944444,"Lightning"
5,251,0.25,48.83777778,-117.07444444,"Lightning"
5,224,16105,47.89166667,-113.42222222,"Lightning"
5,176,5478,34.77055556,-106.38305556,"Lightning"
5,230,680,38.36972222,-119.51861111,"Lightning"
5,163,0.75,35.55138889,-105.765,"Lightning"
5,209,0.1,44.64,-115.91972222,"Lightning"
5,203,0.1,38.62638889,-112.08722222,"Lightning"
5,173,1567,39.375,-122.97555556,"Lightning"
5,182,0.35,45.44888889,-121.49888889,"Lightning"
5,195,0.25,46.46027778,-111.94111111,"Lightning"
5,174,1,40.8225,-123.5325,"Lightning"
5,200,0.22,45.37138889,-114.41083333,"Lightning"
5,211,3.3,37.67555556,-108.68305556,"Lightning"
5,236,0.1,46.34361111,-114.31333333,"Lightning"
5,199,0.5,34.77805556,-111.50222222,"Lightning"
5,205,0.1,39.17,-115.39166667,"Lightning"
5,213,0.1,44.43222222,-115.90444444,"Lightning"
5,219,0.25,46.39638889,-114.73555556,"Lightning"
5,194,0.1,33.33972222,-108.46444444,"Lightning"
5,221,491,46.05305556,-115.22666667,"Lightning"
5,237,1.3,36.15138889,-115.67194444,"Lightning"
5,193,15,41.75388889,-121.28361111,"Lightning"
5,229,0.1,45.12583333,-113.99222222,"Lightning"
5,215,0.1,35.87583333,-112.11694444,"Lightning"
5,195,0.1,43.43583333,-122.66972222,"Lightning"
5,254,0.1,37.74277778,-109.4275,"Lightning"
5,177,0.03,35.71611111,-106.54694444,"Lightning"
5,183,0.1,44.5625,-118.37194444,"Lightning"
5,206,2,43.88222222,-121.99305556,"Lightning"
5,225,0.25,48.96333333,-115.36722222,"Lightning"
5,188,0.1,35.29555556,-111.75805556,"Lightning"
5,155,0.1,47.88055556,-91.64388889,"Lightning"
5,203,0.1,39.34111111,-105.20666667,"Lightning"
5,245,0.1,32.98722222,-105.5725,"Lightning"
5,190,0.1,35.41944444,-111.49833333,"Lightning"
5,224,0.01,39.80083333,-111.67666667,"Lightning"
5,219,2,41.45222222,-121.01833333,"Lightning"
5,203,0.1,42.95638889,-121.4575,"Lightning"
5,270,0.1,39.4875,-122.92888889,"Lightning"
13,198,0.1,35.2,-108.4875,"Lightning"
5,222,0.1,48.89722222,-119.35222222,"Lightning"
5,208,0.3,48.52027778,-115.22527778,"Lightning"
5,303,0.1,37.58,-119.77972222,"Lightning"
5,152,0.75,34.20888889,-109.85027778,"Miscellaneous"
13,263,0.1,48.83638889,-114.96805556,"Miscellaneous"
5,311,0.1,47.65805556,-94.17833333,"Miscellaneous"
13,240,7,45.78694444,-121.40083333,"Miscellaneous"
5,39,0.1,29.355,-81.82027778,"Miscellaneous"
5,282,4.1,39.57694444,-119.84833333,"Miscellaneous"
5,122,0.1,36.21166667,-106.6775,"Miscellaneous"
13,261,1.5,39.11,-121.15888889,"Miscellaneous"
5,283,5,33.63638889,-111.54805556,"Miscellaneous"
13,178,0.5,34.85277778,-119.16222222,"Miscellaneous"
5,215,0.3,44.13222222,-118.87972222,"Miscellaneous"
5,222,0.25,35.38027778,-80.01638889,"Miscellaneous"
5,296,0.1,42.855,-122.345,"Miscellaneous"
5,213,0.1,34.31472222,-118.34138889,"Miscellaneous"
5,182,0.1,29.09472222,-81.63583333,"Miscellaneous"
5,5,1,33.82777778,-109.11944444,"Miscellaneous"
13,35,0.1,33.61666667,-117.41666667,"Miscellaneous"
5,62,1,36.39694444,-82.05833333,"Miscellaneous"
13,326,3,34.68944444,-93.38916667,"Miscellaneous"
13,105,0.75,43.69388889,-85.6175,"Miscellaneous"
5,63,0.1,34.45555556,-112.48555556,"Miscellaneous"
5,165,0.1,47.72777778,-116.64611111,"Miscellaneous"
5,226,0.1,43.76055556,-122.00416667,"Miscellaneous"
5,261,0.1,46.42305556,-110.68055556,"Miscellaneous"
5,220,0.25,44.58388889,-111.11527778,"Miscellaneous"
5,253,0.01,47.1325,-121.33222222,"Miscellaneous"
14,186,0.1,34.25305556,-118.34361111,"Miscellaneous"
5,153,0.01,47.81694444,-91.80027778,"Miscellaneous"
5,248,20,34.21972222,-117.86916667,"Miscellaneous"
5,106,0.25,35.1925,-112.15833333,"Miscellaneous"
13,102,1.3,47.11611111,-94.61,"Miscellaneous"
6,315,0.25,33.33916667,-81.57055556,"Miscellaneous"
5,265,84,31.65333333,-93.83,"Miscellaneous"
14,117,0.1,35.06194444,-106.45722222,"Miscellaneous"
13,167,0.1,34.57305556,-118.69305556,"Miscellaneous"
5,330,0.06,34.77111111,-84.26972222,"Miscellaneous"
5,230,0.1,43.72777778,-121.82055556,"Miscellaneous"
13,168,2,34.58166667,-118.69472222,"Miscellaneous"
5,274,0.1,39.16722222,-120.23361111,"Miscellaneous"
13,136,0.1,40.95027778,-122.43333333,"Miscellaneous"
13,55,0.5,35.565,-99.6725,"Miscellaneous"
5,197,0.1,39.67666667,-105.90611111,"Miscellaneous"
14,271,3,33.63555556,-117.34888889,"Miscellaneous"
13,93,11.1,38.74138889,-79.02944444,"Miscellaneous"
13,215,0.5,43.81083333,-115.81277778,"Miscellaneous"
5,357,0.37,34.41805556,-81.71222222,"Miscellaneous"
5,165,1,35.19944444,-111.40055556,"Miscellaneous"
5,296,0.1,38.30527778,-106.04166667,"Miscellaneous"
5,306,1,36.77666667,-81.03555556,"Miscellaneous"
6,320,1,34.56416667,-93.53666667,"Miscellaneous"
5,155,0.1,46.27166667,-117.55555556,"Miscellaneous"
5,235,0.3,43.98611111,-121.44083333,"Miscellaneous"
5,280,0.5,42.84555556,-122.50944444,"Miscellaneous"
5,165,0.1,35.19972222,-111.75194444,"Miscellaneous"
13,107,0.1,44.42333333,-83.42083333,"Miscellaneous"
5,183,9443,34.50083333,-119.86055556,"Miscellaneous"
5,333,2,37.045,-101.79,"Miscellaneous"
5,101,1,41.505,-78.99972222,"Miscellaneous"
14,71,6343,36.66083333,-102.98416667,"Miscellaneous"
13,309,1,38.83333333,-82.53166667,"Miscellaneous"
5,306,0.1,34.69583333,-118.77916667,"Miscellaneous"
5,30,42,33.52138889,-85.87055556,"Miscellaneous"
5,318,0.05,34.30361111,-116.91972222,"Miscellaneous"
5,259,0.1,36.5625,-112.17027778,"Miscellaneous"
14,224,204,33.89166667,-116.71444444,"Miscellaneous"
5,258,75,36,-115.49444444,"Miscellaneous"
5,181,0.1,44.40638889,-121.73805556,"Miscellaneous"
5,249,0.1,48.51555556,-115.3025,"Miscellaneous"
5,268,0.2,39.09694444,-122.75416667,"Miscellaneous"
14,201,0.1,39.55194444,-121.12555556,"Miscellaneous"
14,272,90,34.35055556,-118.50666667,"Miscellaneous"
5,215,0.1,45.64222222,-121.92944444,"Miscellaneous"
13,132,0.1,29.19472222,-81.93055556,"Miscellaneous"
5,154,0.1,33.965,-109.50277778,"Miscellaneous"
5,337,12,31.46638889,-88.76138889,"Miscellaneous"
5,248,0.01,48.59055556,-118.22694444,"Miscellaneous"
5,218,14.5,46.65388889,-111.64972222,"Miscellaneous"
5,108,0.1,33.71583333,-108.82305556,"Miscellaneous"
5,106,0.1,34.49166667,-111.62694444,"Miscellaneous"
5,41,0.1,33.8875,-111.4525,"Miscellaneous"
5,317,39,32.88055556,-87.29138889,"Miscellaneous"
5,223,0.1,43.60805556,-122.11833333,"Miscellaneous"
5,217,0.08,47.9575,-120.29111111,"Miscellaneous"
5,152,1.5,46.37694444,-84.89527778,"Miscellaneous"
5,77,25,37.21416667,-102.02666667,"Miscellaneous"
13,207,0.1,39.19055556,-120.11388889,"Miscellaneous"
13,75,32,34.83583333,-94.2,"Miscellaneous"
5,232,1,44.86388889,-107.67361111,"Miscellaneous"
5,184,0.25,34.31861111,-118.37583333,"Miscellaneous"
5,334,0.1,44.11222222,-109.34666667,"Miscellaneous"
5,251,4,34.27361111,-117.53055556,"Miscellaneous"
13,44,0.1,34.23805556,-117.18638889,"Miscellaneous"
14,303,0.72,31.12416667,-88.87611111,"Miscellaneous"
13,242,1,40.05694444,-120.70666667,"Miscellaneous"
13,312,0.1,39.52916667,-120.00444444,"Miscellaneous"
5,43,0.1,34.75611111,-83.96944444,"Miscellaneous"
13,181,1,45.655,-121.21861111,"Miscellaneous"
5,201,0.1,46.77777778,-110.76166667,"Miscellaneous"
13,345,1,39.45694444,-82.22166667,"Miscellaneous"
5,185,0.2,33.81361111,-109.08333333,"Miscellaneous"
13,184,0.5,43.43611111,-105.3425,"Railroad"
5,349,0.1,40.6175,-123.4175,"Railroad"
5,115,0.28,47.33527778,-94.09333333,"Railroad"
5,266,7,36.85611111,-84.4925,"Railroad"
6,122,54.5,45.71944444,-117.80416667,"Railroad"
14,211,0.1,47.57527778,-115.27277778,"Railroad"
5,194,0.1,44.17472222,-104.78833333,"Railroad"
5,268,2,41.13527778,-111.88916667,"Railroad"
13,190,0.1,47.11138889,-114.78277778,"Railroad"
14,66,32,36.72138889,-82.77472222,"Railroad"
5,228,1.1,45.89944444,-86.72277778,"Railroad"
5,220,2.5,45.70138889,-121.28361111,"Railroad"
13,217,3,45.6825,-121.28972222,"Railroad"
13,141,0.1,40.91666667,-122.39472222,"Railroad"
13,230,162.4,44.12333333,-116.10694444,"Railroad"
13,69,5,35.6525,-82.23861111,"Railroad"
5,100,0.5,33.31833333,-85.98444444,"Railroad"
13,322,6,33.35111111,-85.99138889,"Railroad"
5,251,0.1,36.76805556,-84.48055556,"Railroad"
13,71,0.5,35.25,-82.01666667,"Railroad"
5,74,0.01,39.75,-121.46972222,"Railroad"
13,186,0.25,46.98805556,-114.43555556,"Railroad"
14,264,290,43.74611111,-105.36166667,"Railroad"
5,164,0.1,42.43361111,-121.86277778,"Railroad"
14,261,0.1,43.67694444,-105.36083333,"Railroad"
5,183,0.1,48.45833333,-115.66666667,"Railroad"
5,14,0.1,34.42777778,-118.35138889,"Railroad"
5,181,115.5,43.72083333,-105.36083333,"Railroad"
5,107,1.7,34.67611111,-94.28861111,"Railroad"
5,267,0.1,41.51888889,-121.06166667,"Railroad"
13,178,0.1,45.68333333,-121.69805556,"Railroad"
5,80,48,37.24611111,-84.22111111,"Railroad"
13,194,0.75,47.57888889,-115.22972222,"Railroad"
13,78,1,38.09611111,-86.6825,"Railroad"
5,74,0.1,39.75,-121.46972222,"Railroad"
13,200,0.5,47.14972222,-114.83583333,"Railroad"
5,246,0.1,43.77444444,-122.53361111,"Railroad"
13,221,663,43.70222222,-105.36083333,"Railroad"
5,51,400,30.19444444,-82.55472222,"Railroad"
5,305,0.1,42.42222222,-121.84944444,"Railroad"
13,106,0.2,47.34305556,-114.97083333,"Railroad"
5,227,0.1,47.37083333,-94.53083333,"Railroad"
13,191,0.25,35.30444444,-79.95888889,"Railroad"
13,83,125,38.91861111,-79.78388889,"Railroad"
5,342,0.1,34.25888889,-117.46111111,"Railroad"
6,197,115,39.81277778,-120.09333333,"Railroad"
5,335,6.97,32.97944444,-79.83361111,"Railroad"
5,239,0.1,43.66916667,-122.27583333,"Railroad"
5,102,2.5,33.26,-79.71305556,"Railroad"
5,170,0.1,35.99888889,-112.19888889,"Railroad"
5,208,0.1,48.62944444,-116.05777778,"Railroad"
13,184,0.1,47.34305556,-114.96388889,"Railroad"
5,126,0.1,43.32,-121.81416667,"Railroad"
5,79,1,31.73611111,-92.56027778,"Railroad"
5,212,0.05,41.75055556,-121.31194444,"Railroad"
5,136,0.3,42.41861111,-121.84361111,"Railroad"
5,179,1.5,41.66194444,-121.24333333,"Railroad"
5,211,6112,40.02,-121.1675,"Railroad"
13,203,0.25,48.40638889,-114.05111111,"Railroad"
14,66,4,33.36861111,-86.02555556,"Railroad"
5,107,1,34.66694444,-94.27305556,"Railroad"
14,121,0.5,35.85888889,-82.01944444,"Railroad"
13,189,0.5,45.68333333,-121.28111111,"Railroad"
13,146,0.1,45.665,-121.20361111,"Railroad"
5,310,2.5,33.24277778,-79.7325,"Railroad"
5,189,0.4,35.87527778,-112.23805556,"Railroad"
5,143,0.2,41.64361111,-122.00888889,"Railroad"
5,202,0.1,47.61916667,-92.55083333,"Railroad"
13,126,0.1,47.58222222,-115.19277778,"Railroad"
5,188,4.6,43.25861111,-103.86833333,"Railroad"
5,88,18,34.72833333,-94.56861111,"Railroad"
13,216,0.1,45.69305556,-121.78305556,"Railroad"
13,221,0.1,48.43666667,-115.85,"Railroad"
13,208,0.1,48.35194444,-115.3625,"Railroad"
13,223,0.7,45.90361111,-86.90083333,"Railroad"
5,70,7,35.645,-82.25611111,"Railroad"
14,140,0.4,37.66472222,-107.67972222,"Railroad"
14,225,0.1,33.92055556,-116.75027778,"Railroad"
5,315,0.3,30.5,-82.41666667,"Railroad"
5,143,80,34.32694444,-117.4525,"Railroad"
5,36,15,34.70861111,-94.48361111,"Railroad"
13,237,0.1,46.99166667,-114.4525,"Railroad"
5,198,0.1,42.64944444,-121.83027778,"Railroad"
13,209,3,45.63305556,-121.11138889,"Railroad"
5,184,0.25,35.31194444,-112.24111111,"Railroad"
5,197,1,39.80361111,-120.3775,"Railroad"
5,197,0.1,44.17472222,-104.78833333,"Railroad"
5,176,0.1,40.81305556,-122.32472222,"Railroad"
13,15,2,34.7375,-94.61361111,"Railroad"
5,217,0.01,41.50166667,-122.26666667,"Railroad"
5,266,1,36.85611111,-84.4925,"Railroad"
13,222,0.25,45.57166667,-88.70194444,"Railroad"
13,95,0.1,37.24111111,-89.44722222,"Railroad"
13,130,0.1,48.38777778,-115.44944444,"Railroad"
5,168,17.18,33.21722222,-79.76694444,"Railroad"
14,252,57,33.37111111,-86.01805556,"Railroad"
13,185,0.1,45.69944444,-121.41361111,"Railroad"
13,182,0.1,45.705,-121.48361111,"Railroad"
5,62,278,34.73388889,-94.59277778,"Railroad"
14,217,100,46.60555556,-112.34138889,"Railroad"
5,148,2.5,34.42361111,-111.00305556,"Smoking"
5,239,0.5,40.01972222,-121.40805556,"Smoking"
13,221,0.1,39.30027778,-120.58472222,"Smoking"
5,209,0.1,44.01555556,-121.69055556,"Smoking"
5,203,0.1,42.83861111,-121.64777778,"Smoking"
5,222,3,34.89833333,-93.40527778,"Smoking"
5,264,0.3,44.31277778,-121.62527778,"Smoking"
5,216,0.1,48.58,-115.73305556,"Smoking"
5,167,0.1,34.3475,-110.96305556,"Smoking"
5,192,0.1,48.16194444,-121.80194444,"Smoking"
5,241,0.1,43.79972222,-121.86444444,"Smoking"
5,306,0.2,34.39861111,-81.51083333,"Smoking"
5,274,2.2,45.26944444,-121.3675,"Smoking"
13,160,1,35.01944444,-77.08333333,"Smoking"
5,223,0.7,40.55,-123.28416667,"Smoking"
5,44,0.75,34.63527778,-111.08805556,"Smoking"
5,54,0.1,30.75194444,-88.91,"Smoking"
5,256,0.1,43.24555556,-121.90055556,"Smoking"
5,224,0.1,46.17777778,-112.10583333,"Smoking"
5,239,0.1,43.62638889,-122.70305556,"Smoking"
5,79,0.1,56.30333333,-132.2225,"Smoking"
5,212,0.1,48.16638889,-113.79027778,"Smoking"
5,158,0.1,35.32361111,-111.52638889,"Smoking"
5,183,320,34.45722222,-110.74972222,"Smoking"
5,178,2.01,35.145,-108.08472222,"Smoking"
5,235,0.1,36.26972222,-115.665,"Smoking"
5,200,1.2,39.875,-111.52527778,"Smoking"
5,144,0.3,32.79472222,-108.24972222,"Smoking"
5,317,2,37.05,-81.06666667,"Smoking"
5,218,0.1,39.26,-120.035,"Smoking"
5,262,0.1,45.09416667,-122.21444444,"Smoking"
13,219,0.2,45.69861111,-121.41472222,"Smoking"
5,248,0.1,46.56972222,-121.695,"Smoking"
5,246,0.1,46.7125,-121.49916667,"Smoking"
5,246,1.5,39.36666667,-122.97416667,"Smoking"
13,252,0.3,40.60027778,-123.10166667,"Smoking"
5,249,0.01,47.31361111,-113.57777778,"Smoking"
5,226,0.1,44.74666667,-122.155,"Smoking"
5,188,0.1,35.08583333,-111.68111111,"Smoking"
14,179,10,35.96888889,-92.38944444,"Smoking"
5,183,1,38.08555556,-120.10138889,"Smoking"
5,171,0.1,45.98861111,-90.8725,"Smoking"
5,205,0.1,47.92888889,-113.54444444,"Smoking"
13,97,0.25,47.50944444,-92.15944444,"Smoking"
14,38,195,35.82083333,-99.77138889,"Smoking"
5,275,0.1,44.00944444,-121.51777778,"Smoking"
5,132,0.01,45.46555556,-110.94611111,"Smoking"
5,230,0.2,36.00722222,-92.30833333,"Smoking"
5,73,2,34.19194444,-93.19305556,"Smoking"
5,232,0.1,48.20222222,-113.79833333,"Smoking"
6,219,0.1,45.62833333,-116.29,"Smoking"
5,197,0.1,45.91583333,-121.695,"Smoking"
5,220,0.1,38.90138889,-120.37,"Smoking"
13,152,0.1,47.03027778,-114.30416667,"Smoking"
14,139,8,34.48972222,-118.17166667,"Smoking"
5,138,0.1,29.1375,-81.59916667,"Smoking"
14,141,0.1,34.43388889,-118.42027778,"Smoking"
13,213,0.6,45.55527778,-122.175,"Smoking"
13,256,0.1,47.70305556,-120.52638889,"Smoking"
13,127,0.1,34.22222222,-117.66777778,"Smoking"
5,192,0.1,34.65194444,-118.75277778,"Smoking"
5,126,0.2,34.41472222,-111.01027778,"Smoking"
13,203,0.47,43.35472222,-115.43861111,"Smoking"
5,145,0.1,44.28388889,-124.11027778,"Smoking"
5,274,1,41.74833333,-122.16638889,"Smoking"
5,240,0.1,42.37666667,-110.49833333,"Smoking"
14,87,36.94,31.20527778,-89.135,"Smoking"
5,214,0.1,42.63333333,-109.25222222,"Smoking"
6,84,15.1,31.46416667,-110.37972222,"Smoking"
13,230,0.1,45.62694444,-121.96805556,"Smoking"
5,213,0.1,47.98527778,-90.7075,"Smoking"
6,123,125,31.51611111,-110.31638889,"Smoking"
5,234,0.1,44.75472222,-109.41027778,"Smoking"
13,209,0.5,41.73194444,-123.43583333,"Smoking"
5,200,0.5,48.88555556,-116.10555556,"Smoking"
13,249,0.1,40.36638889,-121.53583333,"Smoking"
5,268,0.3,45.88472222,-110.89027778,"Smoking"
5,265,9,31.30111111,-91.04333333,"Smoking"
5,173,0.1,40.88972222,-106.83944444,"Smoking"
5,306,1,31.13555556,-94.36805556,"Smoking"
13,164,0.25,34.84277778,-76.95944444,"Smoking"
5,63,0.1,31.39166667,-95.155,"Smoking"
14,33,3,30.59166667,-88.99888889,"Smoking"
5,258,0.1,46.69,-121.88861111,"Smoking"
5,224,0.1,45.11083333,-121.76888889,"Smoking"
5,257,0.2,43.26222222,-121.88638889,"Smoking"
13,72,0.5,38.35611111,-80.58361111,"Smoking"
5,261,0.4,43.29638889,-121.81694444,"Smoking"
5,350,0.1,35.2075,-111.51333333,"Smoking"
5,14,1.3,39.045,-105.38833333,"Smoking"
5,244,0.1,44.21888889,-121.57333333,"Smoking"
5,289,0.1,43.44888889,-122.14138889,"Smoking"
5,161,2.2,35.25166667,-111.86194444,"Smoking"
5,216,0.1,38.585,-120.29805556,"Smoking"
14,76,0.1,35.68388889,-82.10055556,"Smoking"
5,159,6,44.355,-121.66444444,"Smoking"
13,222,0.1,46.03722222,-89.01444444,"Smoking"
5,152,0.5,32.61444444,-108.43777778,"Smoking"
5,304,3,31.36972222,-91.02666667,"Smoking"
5,255,0.1,44.01222222,-121.37611111,"Smoking"
